<keymap version="1" name="Windows copy" parent="$default">
  <action id="Back">
    <keyboard-shortcut first-keystroke="ctrl alt left" />
    <mouse-shortcut keystroke="button4" />
    <keyboard-shortcut first-keystroke="alt left" />
  </action>
  <action id="ChangesView.Diff" />
  <action id="CloseContent">
    <keyboard-shortcut first-keystroke="ctrl f4" />
    <keyboard-shortcut first-keystroke="ctrl w" />
  </action>
  <action id="CompareTwoFiles" />
  <action id="Diff.NextChange" />
  <action id="Diff.PrevChange" />
  <action id="Diff.ShowDiff" />
  <action id="EditorDeleteLine">
    <keyboard-shortcut first-keystroke="ctrl y" />
    <keyboard-shortcut first-keystroke="ctrl d" />
  </action>
  <action id="EditorDuplicate" />
  <action id="EditorNextWordWithSelection" />
  <action id="EditorPreviousWordWithSelection" />
  <action id="EditorSelectWord" />
  <action id="FileChooser.GotoDesktop" />
  <action id="Forward">
    <keyboard-shortcut first-keystroke="ctrl alt right" />
    <mouse-shortcut keystroke="button5" />
    <keyboard-shortcut first-keystroke="alt right" />
  </action>
  <action id="GotoNextElementUnderCaretUsage">
    <mouse-shortcut keystroke="alt button142" />
  </action>
  <action id="GotoPrevElementUnderCaretUsage">
    <mouse-shortcut keystroke="alt button143" />
  </action>
  <action id="GuiDesigner.Duplicate" />
  <action id="IncrementWindowWidth" />
  <action id="NavBar-selectHome">
    <keyboard-shortcut first-keystroke="home" />
  </action>
  <action id="NextTab" />
  <action id="PreviousTab" />
  <action id="ResizeToolWindowLeft" />
  <action id="ResizeToolWindowRight" />
  <action id="RunDashboard.CopyConfiguration" />
  <action id="SendEOF" />
  <action id="XDebugger.CopyWatch" />
  <action id="openAssertEqualsDiff" />
</keymap>